iter	RMSE
0	14.19438164
1	13.46812539
2	12.78475515
3	12.21167337
4	11.66714284
5	11.13598367
6	10.6165671
